,AAG,ASK,AVD,AVW,AYT,CLH,DGN,DIA,DLP,FAQ,FCR,FMD,FNS,FPW,FRC,FVN,FYW,GAG,GAN,GCV,GEN,GLP,GSR,HNP,HSS,HSV,HYE,IEI,IGH,IIF,IKA,IKS,IPA,IPI,IRE,IWG,KAD,KHF,KPS,KTF,LFS,LLR,LSG,MEQ,MFT,MVT,NAR,PAK,PQK,QKP,QLT,QST,RAV,RFA,RRM,RWD,SFC,SFY,SGG,SIW,SKV,SPD,STG,SVF,TAN,TEL,THV,TIK,VAD,VFP,VIN,VWE,VWI,VWS,WMD,WML,YDW,YLI,YSF,YSY
dataset_1,,,,,,,0.0023498023156826183,,,,,,,,,0.0024176783261712974,,,0.003357394258654264,,,,0.002622481700229808,0.005257253914054607,,,,,,,,,,,0.002667163943360209,,,,,,0.002253827015120329,,,,,,0.002973747731417552,,,,,0.003023197026193839,,,,,,,,,0.0026636783393621404,,,,,,,,,,,,,,,,,,,
dataset_2,,,0.001278731334982413,,,,,0.001083153535741781,,,,0.001231551864995422,,0.0012648223886670604,,,0.0012889292563532555,,,,,,,,,,,,,,,,,,,,,,,0.001143962757729584,,,,,,,,,,,,,,,,,,,,,,0.0017373047142185312,,,0.001625272830772471,,,,0.0013151134672038409,,,,,,,0.0015130207732791973,,,,
dataset_3,,,,,,,,,,,,,,,,,,,,,,,,,,0.001819563684347117,,,,,,,0.0026435096010792953,,,,0.002388500540495221,0.0017870711091894464,,,,0.0021486927702320862,,,0.0017515290522139592,0.002012446509908663,,,,,0.001841513659439651,,,,,,,,0.0025953392938379612,,,,,,,,,,,,,,0.0020217103671684583,,,,,,,
dataset_4,,,,,,,,,,,,,,,,,,,,,0.001782718898284372,,,,,,0.0017642912784171642,,,,0.0029109897190715234,,,,,,,,,,,,,0.0023311509563593413,,,,0.0024042540010727814,,,,,,,,0.002028560798219117,,,,,,,,,,0.003206248833819295,,0.004189675119981248,,,,,,,,,0.0017560748151701161,,0.0025528379078572417,
dataset_5,,,,,,,,,,0.00452396405050057,0.004246625609396242,,0.004119071994457255,,,,,,,0.004183624583861116,,,,,,,,,0.0036701374895251535,,,,,,,,,,0.0038779428592949704,,,,,,,,,,0.008879766095977017,0.004818755821398004,,,,0.007266007764771757,,,0.003483792043208105,,,,,,,,,,,,,,,,,,,,,,,
dataset_6,,,,0.004130648353051417,,0.0029317528667949897,,,,,,,,,0.0020347000948161453,,,,,,,,,,0.008675371781237121,,,0.0020481777434003617,,,,,,0.002664290122522384,,,,,,,,,,,,,,,,,,,0.003185978888090945,,,,,,,,,,,,,,,,,,0.0022610045612038096,0.002599841866097154,,,0.0019439764651897615,,,,,
dataset_7_1,,,,,0.0050652914887824,,,,0.008650141800799647,,,,,,,,,,,,,0.007079964445508003,,,,,,,,0.006038798363685645,,0.005757962071616418,,,,,,,,,,,,,,,,,,,,,,,0.004993871640140628,,,,,,,,,,,,0.0064349941974229715,,,0.005117761297803079,,,,0.0059356972055160375,,,,0.005417269833847538,,
dataset_7_2,,,,,0.0050652914887824,,,,0.008650141800799647,,,,,,,,,,,,,0.007079964445508003,,,,,,,,0.006038798363685645,,0.005757962071616418,,,,,,,,,,,,,,,,,,,,,,,0.004993871640140628,,,,,,,,,,,,0.0064349941974229715,,,0.005117761297803079,,,,0.0059356972055160375,,,,0.005417269833847538,,
dataset_8_1,0.002231278458088148,0.0018883397023450488,,,,,,,,,,,,,,,,0.00213613178066327,,,,,,,,,,,,,,,,,,0.0019771319335028597,,,,,,,0.0018915368927064113,,,,,,,,,,,,,,,0.0022748534197712614,,0.002444838876487477,,,0.0019691708019922466,0.002012253318016148,,,,,,,,,,,,,,,,0.0036842772014243023
dataset_8_2,0.002231278458088148,0.0018883397023450488,,,,,,,,,,,,,,,,0.00213613178066327,,,,,,,,,,,,,,,,,,0.0019771319335028597,,,,,,,0.0018915368927064113,,,,,,,,,,,,,,,0.0022748534197712614,,0.002444838876487477,,,0.0019691708019922466,0.002012253318016148,,,,,,,,,,,,,,,,0.0036842772014243023
dataset_8_3,0.002231278458088148,0.0018883397023450488,,,,,,,,,,,,,,,,0.00213613178066327,,,,,,,,,,,,,,,,,,0.0019771319335028597,,,,,,,0.0018915368927064113,,,,,,,,,,,,,,,0.0022748534197712614,,0.002444838876487477,,,0.0019691708019922466,0.002012253318016148,,,,,,,,,,,,,,,,0.0036842772014243023
dataset_7,,,,,0.0050652914887824,,,,0.008650141800799647,,,,,,,,,,,,,0.007079964445508003,,,,,,,,0.006038798363685645,,0.005757962071616418,,,,,,,,,,,,,,,,,,,,,,,0.004993871640140628,,,,,,,,,,,,0.0064349941974229715,,,0.005117761297803079,,,,0.0059356972055160375,,,,0.005417269833847538,,
dataset_8,0.002231278458088148,0.0018883397023450488,,,,,,,,,,,,,,,,0.00213613178066327,,,,,,,,,,,,,,,,,,0.0019771319335028597,,,,,,,0.0018915368927064113,,,,,,,,,,,,,,,0.0022748534197712614,,0.002444838876487477,,,0.0019691708019922466,0.002012253318016148,,,,,,,,,,,,,,,,0.0036842772014243023
